{
  "alpha": 0.01,
  "method": "quantile",
  "thresholds": {
    "probe": 0.009514986537396908,
    "drift": 0.032062407135963436
  },
  "stats": {
    "probe": {
      "mean": 0.001159550951050349,
      "std": 0.0020154015554357777,
      "min": 9.446994653217189e-08,
      "max": 0.009580455720424652,
      "median": 0.0002510170452296734,
      "q25": 6.631918950006366e-05,
      "q75": 0.001307767815887928,
      "q90": 0.004011539276689291,
      "q95": 0.005455076694488525,
      "q99": 0.009514986537396908,
      "q999": 0.009580455720424652,
      "q9999": 0.009580455720424652,
      "n_samples": 2000,
      "min_required": 1000,
      "sufficient": true
    },
    "drift": {
      "mean": 0.003140263170003891,
      "std": 0.004774353319722302,
      "min": 0.0,
      "max": 0.039107561111450195,
      "median": 0.0014083683490753174,
      "q25": 0.0008200258016586304,
      "q75": 0.0034893006086349487,
      "q90": 0.007297223806381227,
      "q95": 0.010244178771972656,
      "q99": 0.032062407135963436,
      "q999": 0.037920529365539524,
      "q9999": 0.039107561111450195,
      "n_samples": 2000,
      "min_required": 1000,
      "sufficient": true
    }
  },
  "n_calibration_samples": 2000,
  "timestamp": "2026-01-02T12:12:07.460909Z",
  "dataset_hash": "ee621ee7a1f47ae9",
  "min_samples_required": 1000,
  "version": "2.0"
}